food_name;ingredient;step
Ayam goreng;"1kg ayam
2 bonggol bawang putih
1 butir telur ayam
3 sdm tepung maizena 1/2 sdt garam
1/4 sdt kaldu bubuk Secukupnya minyak goreng untuk menggoreng
Bumbu halus:
6 siung Bawang putih 5 siung Bawang Merah 1 sdt ketumbar bubuk 1/2 sdt merica bubuk 1 sdt kunyit bubuk
1,5 ruas jari jahe";"Langkah 1
Cuci ayam hingga bersih kemudian tiriskan masukan bumbu halus, garam, kaldu bubuk, tepung maizena & telur..aduk hingga tercampur rata.
Langkah 2
Diamkan kurang lebih 30 menit di kulkas supaya bumbu meresap (supaya lebih meresap lagi sebaiknya marinasi semalaman di dalam kulkas).
Langkah 3
Panaskan minyak goreng kemudian goreng bawang putih hingga kuning & garing, tiriskan. (Usahakan minyak cukup sampai ayam tenggelam saat digoreng)
Langkah 4
Kemudian goreng ayam hingga coklat keemasan & matang merata (saya pakai api kecil saja) untukayamnya goreng bertahap jangan sekali goreng semuanya angkat & tiriskan.
Langkah 5
Ayam goreng siap di sajikan"
Ayam pop;"1 ekor ayam kampung (bisa pake ayam pejantan)
4 bh sereh, geprek 2 ruas jahe, iris2
50 ml santan instan 1 liter air kelapa
4 sdt garam
7-8 siung bawang putih, digeprek
Bahan kuah putih :
Sisa air ungkepan ayam 100 ml santan
2 sdm tepung terigu larutkan dengan sedikit air
Bahan utk sambal ayam pop 3 lembar daun jeruk
1/2 sdt terasi
50 ml santan instan 1 sdt garam
1 sdt kaldu bubuk (sy pake";"Langkah 1
Pertama tama bersihkan ayam lalu taruh wajan, masukkan 1 liter air kelapa, jahe iris, sereh geprek, bwg putih geprek, 50 ml santan, dan 4 sdt garam... Langkah 2
Tutup lalu ungkep ayam dengan api kecil sedang aja selama 1 jam hingga ayam empuk (Sisakan 1/2 air ungkepan)
Langkah 3
Sambil menunggu ayamnya di ungkep... Buat sambalnya dengan cara menghaluskan menggunakan blender 1 bh tomat, bwg merah, putih, dan cabe keriting dengan dikasih sedikit minyak.... Blend sampai"
;"kaldu jamur)
2 sdm saus tomat 2 sdt gula
Minyak secukupnya utk menumis
Bumbu halus :
1 bh tomat merah
8-10 cabe merah keriting 8 siung bwg merah
6 sg bawang putih";"benar2 halus.... Langkah 4
Panaskan wajan dengan sedikit minyak lalu tumis bumbu halus bersama dengan daun jeruk... Masak dengan api kecil hingga matang dan mengeluarkan minyak
Langkah 5
Setelah mengeluarkan minyak masukkan 50 ml santan instan dan air secukupnya lalu tambahkan garam, gula, kaldu bubuk/kaldu jamur, saus tomat, 1/2 sdt terasi... Aduk rata.. Masak hingga mengental dn matang
Langkah 6
Saring sambal utk mendapatkan tekstur yg lembut... Siap disajikan Langkah 7
Utk membuat kuah putih : campur air ungkepan ayam dengan 100 ml santan instan kemudian masukkan cairan tepung terigu nya.. Aduk rata hingga mengental dan meletup letup... Matikan api
Langkah 8
Goreng ayam yg sudah di ungkep tadi dengan sedikit minyak sebentar saja Langkah 9
Taruh ayam di piring lalu siram dengan kuah putih dan juga sambalnya... Siap disajikan"
Gulai tambusu;"1/2 kg usus sapi Isian usus :
5 buah tahu putih uk sedang 5 butir telor ayam
4 siung bawang putih dihaluskan
1 bungkus kaldu bubuk rasa sapi
1 sdt kunyit bubuk Bumbu kuah :
1 bungkus bumbu instan rasa rendang
2 lb daun salam
3 lb daun jeruk purut";"Langkah 1
Siapkan semua bahan dan bumbu
Langkah 2
Tahu dihaluskan, cukup pake spatula/ sendok. Lalu campur dengan bumbu2 untuk isi, aduk2 hingga merata. Terakhir masukkan telor, aduk rata.
Sisihkan Langkah 3
Usus dicuci bersi dg air mengalir sambil digosok2 hingga bersih, cuci sebentar dg"
;"1 sereh digeprek
1 ruas laos
1 sachet kaldu bubuk rasa sapi 2 bungkus santan instan @65 ml
secukupnya Gula dan garam";"jeruk nipis, bilas. Sisihkan. Isian tahu, masukkan ke piping bag, semprotkan ke dalan usus. Sebelumnya ujung usus diikat dg tali rafia kemudian beri isian dan jangan terlalu penuh (sy 3/4 bg) biar tidak meledak saat dimasak.
Lalu ikat lagi di ujung yg satunya. Rebus Hingga matang (sekitar 20 menit), angkat, tiriskan.
Langkah 4
Di wajan tumis bumbu hingga harum, tuangi air dan bumbu lainnya. Setelah bbrp saat, masukkan santan. Aduk terus dan usus yg sdh diisi td dimasukkan ke kuah. Masak hingga kuah mengental, tes rasa. Klu rasa sdh pas. Matikan api, tata tambunsu di wadah saji lalu sajikan."
Kue ape;"150 gr tepung beras 100 gr tepung terigu 100 gr gula pasir  1/2 sdt garam
1 sdm baking powder 1 sdt pasta pandan 150 ml air matang 100 ml santan instant";"Langkah 1 Ayak tepung2 Langkah 2
Campur semua bahan kering lalu tambahakan sedikit sedikit air + santan aduk rata sampai tidak ada yg menggumpal Langkah 3
Diamkan 45 menit - 1 jam. Aduk kembali Panaskan teflon mini dengan api kecil, kuas teflon dengan margarin / sedikit minyak kelapa Tuang adonan 1 centong sedang dari sisi atas (kulit garing) lalu tutup dan diamkan selama 3-4 menit. Buka dan cek kulit bawah. Kalau sudah kecoklatan dan bagian gendut sudah matang, angkat dan kue ape siap di nikmati."
Kue bika ambon;"100 ml santan
2 lbr daun pandan 5 lbr daun jeruk
1 batang serai
1 ruas kunyit, potong-potong Bahan Kue:
3 butir telur";"Langkah 1
Masak semua bahan santan di atas api sedang. Masak hingga santan menjadi 400 ml, angkat dan dinginkan.
Langkah 2
Campurkan jadi satu bahan"
;"400 ml santan, masak 300 gr tepung sagu 250 gr gula pasir Bahan Biang:
1 sdm terigu
6 sdm air hangat
1 bungkus fermipan 1 sdt gula pasir";"biang. Kemudian diamkan selama 20-15 menit.
Langkah 3
Mixer gula dan telur gingga gula larut.
Langkah 4
Turunkan kecepatan mixer, masukkan bahan santan dan tepung sagu secara bergantian. Aduk rata.
Langkah 5
Tambahkan biang, aduk kembali dan matikan mixer. Langkah 6
Saring adonan untuk menyaring tepung yang masih bergerindil.
Langkah 7
Kemudian tutup adonan dan diamkan selama 3 jam.
Langkah 8
Siapkan loyang yang telah diolesi carlo. Panaskan terlebih dahulu loyang di dalam oven. Langkah 9
Tuangkan adonan ke dalam loyang panas. Panggang di dalam suhu 180 derajat celcius selama 40 menit. Biarkan oven sedikit terbuka selama 30 menit pertama, kemudian tutup oven hingga rapat, panggang hingga matang.
Langkah 10
Jika sudah matang, angkat dan biarkan dingin."
Kue cenil;"150 gram kelapa parut (setengah tua) Sejumput Garam Secukupnya gula pasir
100 gram/10 sdm tepung terigu
100 gram/10 sdm tepung tapioka
130 ml air hangat Sejumput garam
Secukupnya pewarna makanan (pasta pandan & merah rose)";"Langkah 1
Siapkan semua bahan terlebih dahulu.
Langkah 2
Kukus parutan kelapa yg sudah dicampur dengan garam kira² 10 menit. Setelah itu sisihkan. Langkah 3
Masukan tepung terigu, tepung tapioka, dan garam. Aduk sampai rata.
Langkah 4
Setelah itu beri air sedikit demi sedikit, aduk sampai adonan tercampur rata."
;;"Langkah 5
Bagi adonan menjadi 3, taruh dalam wadah. Masing² diberi pewarna, satu warna pasta pandan, dua merah rose dan yg ketiga ngga perlu diberi warna.
Langkah 6
Ambil adonan sedikit, bentuk menjadi stik atau sesuai selera. Sisihkan. Lakukan sampai adonan habis.
Langkah 7
Rebus air hangat dengan panci. Setelah mendidih, masukan adonan yg berwarna putih terlebih dahulu. Tunggu sampai adonan mengapung (tanda sudah matang), angkat dan tiriskan.
Langkah 8
Lakukan hal yg sama sampai adonan pandan dan rose nya habis.
Langkah 9
Setelah semua adonan sudah direbus, masukan dalam parutan kelapa. Aduk² sampai adonan tidak ada yg menempel satu dengan yg lain. Langkah 10
Taburin dengan gula pasir secukupnya. Kue cenil siap disajikan ditemani dengan teh anget."
Kue dadar gulung;"150 gr terigu
30 gr tepung beras 300 cc air
1 butir telur
1 sachet kental manis 1 sdt margarin cair
1 sdt pasta pandan
2 tetes pewarna hijau tua
1/2 butir kelapa, kupas, parut memanjang
100 ml air
1 sdm gula merah yang disisir secukupnya Gula pasir
1/2 sdt garam";"Langkah 1
Campur terigu, tepung beras, garam, tuang air sedikit sedikit sambil diaduk, agar tidak bergerindil, masukkan telur, kental manis aduk sampai halus. Tambahkan margarin, aduk rata.
Langkah 2 Tambahkan pasta dan pewarna, aduk rata Langkah 3
Untuk unti, campur kelapa parut, air, gula merah, garam masak dengan api kecil, tambahkan gula pasir, tes rasa"
;;"manis yang diinginkan, masak sampai air habis,sambil
diaduk-aduk agar tidak gosong. Langkah 4
Buat dadar, lakukan sampai habis
Langkah 5
Bila suka dadar yg bertekstur, sebelum dituang adonan, wajan teflonnya dioles minyak goreng dengan kuas, setelah panas baru dituangi adonan Langkah 6
Isi dadar dengan unti, gulung, biar cantik bungkus dengan plastic"
Kue gethuk lidri;"400 grm kelapa parut 225 grm gula pasir 1/2 sdt garam
1/2 sdt vanili paste 100 ml air
850 grm singkong (berat udah dikupas dan dibersihkan)
150 grm gula pasir
2 sdm penuh margarin 1/2 sdt vanilli
Beberapa tetes pewarna merah cabe
1/4 buah kelapa setengah tua, parut. Campur dengan sedikit garam. Lalu kukus 15 mnt";"Langkah 1
Bikin unti kelapa terlebih dahulu. Di pan tuang air lalu gula pasir dan garam. Aduk hingga gula dan garam larut. Masukkan kelapa parut dan tambahkan daun pandan yang disimpulkan. Masak hingga kering. Sisihkan.
Langkah 2
Kukus singkong yang sudah dikupas dan dicuci bersih hingga empuk. Tiriskan. Lalu selagi panas tumbuk dengan ulekan hingga lembut dan punel. Singkirkan seratnya saat ditumbuk.
Langkah 3
Tambahkan gula pasir, margarin, garam, dan vanili, aduk hingga rata. Bagi adonan menjadi dua bagian. Beri perasa/ pewarna makanan sesuai selera.
Langkah 4
Pulung2 adonan. Untuk adonan kulit 20 gram. Untuk adonan unti 15 gram.
Gepengkan adonan. Beri isian. Tutup lalu pulung-pulung.
Langkah 5
Cetak dengan cetakan mooncake. Lakukan hingga adonan habis
Langkah 6"
;;Sajikan dengan kelapa kukus yang diparut.
Kue kastangel;"75 gram Keju edam
75 gram Keju permesan 50 gram Wisyman
100 gram Anchor
200 gram Blueband
Terigu kunci biru kira2 saja sampai adonan bs dipulung (siapkan lk 500 gram)
50 gram Maizena  50 gram Susu bubuk
Kuning telor utk olesan Keju cheddar utk taburan";"Langkah 1
Campur 3 jenis mentega,aduk pk spatula,mskkn keju yg sdh di parut,susububuk,maizena dan terigu sdkt2
Langkah 2
Aduk dan rasakan sampai kira2 bs dipulung
Langkah 3
Cetak,oles kuning telur dan keju parut(cheddar) Langkah 4
Panggang di oven sampai matang(golden brown) Langkah 5
Reswp tanpa kuning telur,hasilnya lbh renyah dan garing"
Kue klepon;"1/4 Kelapa parut Garam
250 gram Tepung ketan 50 gram Tepung beras secukupnya Air matang 3 lembar Daun Pandan
Gula Jawa 1 butir (di iris tipis- tipis)";"Langkah 1
Parut kelapa dan taburi garam lalu kukus kurang lebih 30 menit
Langkah 2
Masukan tepung ketan dan tepung beras perbandingan 5 : 2
Langkah 3
Blender air pandan dengan air panas
Langkah 4
Campurkan air pandan dan adonan tepung, lalu uleni sampai kalis tambah pewarna makanan rasa pandan untuk mencerahkan warna agar tidak pucat
Langkah 5
Rebus air dengan menambah 1 makan sendok minyak sayur, jika sudah mendidih masukan adonan klepon untuk di rebus. Tunggu hingga mengambang, adonan siap di angkat dan disajikan. Tunggu klepon hingga dingin, setelahnya taburkan kelapa parut untuk di sajikan
Langkah 6
Klepon gula merah siap"
;;disajikan.
Kue lapis;"1 bungkus agar agar plain 170 gr gula pasir
1/2 sdt vanili bubuk 300 ml santan
800 gr singkong (parut dan peras airnya)
Pewarna makanan Bahan Taburan :
80 gr kelapa parut (setengah tua)
Sejumput garam
1 lembar daun pandan (simpulkan)";"Langkah 1
Siapkan semua bahan bahan, Oles loyang dgn sedikit minyak goreng. Siapkan baskom/mangkok, masukan agar agar plain, gula pasir, vanili bubuk dan santan, aduk sampai semua larut.
Langkah 2
Tambahkan singkong parut, Aduk kembali sampai tercampur rata, bagi menjadi 3 adonan, beri warna merah muda, warna hijau muda, dan tanpa pewarna. Tuang adonan tanpa pewarna ke dalam loyang, kukus ke dalam panci (yang sudah mendidih airnya) selama 15 menit.
Langkah 3
Setelah adonan pertama set, timpa dgn adonan warna hijau, ratakan dan kukus kembali selama 15 menit. Setelah adonan hijau set, timpa dgn adonan warna merah muda (adonan terakhir) ratakan, dan kukus kembali selama 25 menit. Tunggu dingin lalu keluarkan dari loyang.
Langkah 4
Potong potong ukuran sesuai selera. Siapkan bahan taburan, campur rata kelapa dgn garam, tambahkan daun pandan lalu kukus selama 10 menit atau sampai kelapa matang dan wangi.
Langkah 5
Lumuri kue lapis singkong dgn kelapa parut, nikmati dengan teh disore hari."
lemper;"1 liter beras ketan 1 butir santan secukupnya garam secukupnya gula
1 buah jeruk nipis
9 siung bawang merah 7 siung bawang putih secukupnya lada";"Langkah 1
Siapkan bahan bahan Langkah 2
Masukan beras ketan untuk di kukus
Langkah 3
Masak santan yang diberi gula dan garam, aduk sampai"
;secukupnya pala secukupnya garam secukupnya gula secukupnya penyedap rasa ayam;"mendidih Langkah 4
Setelah beras dikukus 30 menit angkat lalu tambahkan santan yang sudah dimasak tadi.
Langkah 5
Beras ketan yang sudah dikukus kurang lebih 30 menit ditambah santan yang sudah di masak tambah jeruk nipis Langkah 6
Kemudian dikukus kurang lebih 30 menit
Langkah 7
Setelah di kukus kurang lebih 30 menit, angkat beras ketan yg sudah di masak kemudian bungkus ketan yg sudah di beri suwiran ayam
Langkah 8
Lemper siap dimakan"
Kue lumpur;"250 gram ubi kuning,kupas rebus,berat setelah dikukus 170 gram gula pasir
220 gram terigu protein sedang
2 butir telur
1 kuning telur
450 ml air+ 6 sdm penuh fiber creame, bisa diganti santan 100 gram palmia royal dilelehkan
Sejumput garam Topping Secukupnya kismis,
Jika tidak suka kismis bisa diganti sukade,keju atau coklat chip";"Langkah 1
Kupas ubi kupas cuci bersih potong -potong rebus dengan daun pandan sampai empuk,angkat tiriskan,timbang 250 gram
Langkah 2
Bikin larutan fiber creame sisihkan. Ambil 250 ml larutan masukkan ke blender tambah kan gula pasir dan dan ubi blender hingga halus
Langkah 3
Setelah halus tuang kedalam baskom / wadah yang lebar kemudian masukkan telur aduk dengan whisk masukkan terigu dan sisa larutan fiber creame tadi aduk rata masukkan margarin leleh, terakhir masukkan vanilli jika masih bergerindil tepung nya saring
Langkah 4
Panaskan Snack maker,setelah panas masukkan adonan tutup pan setelah adonan naik tambah topping saya pake kismis coklat yang kecil-kecil Langkah 5"
;;Setelah matang angkat dengan tusuk sate dan spatula.
Kue nagasari;"1 buah pisang raja ukuran besar, potong serong jadi 7 bagian
400 ml santan kekentalan sedang
1/4 sdt garam
1 sdm gula pasir (resep asli pake 65 gram)
1 lembar daun salam (resep asli pake daun pandan)
100 gram tepung beras 50 gram tepung tapioka Secukupnya daun pisang";"Langkah 1
Siapkan bahan-bahan. Langkah 2
Rebus santan, gula pasir, garam, dan daun salam hingga mendidih menggunakan wajan supaya mudah mengaduknya. Dinginkan.
Langkah 3
Setelah dingin, masukkan tepung beras dan tepung tapioka, aduk pakai whisk hingga tidak ada tepung yang bergerindil.
Langkah 4
Nyalakan api, masak sambil terus diaduk hingga mengental. Pastikan tidak ada tepung yang menggumpal, ya Langkah 5
Ambil selembar daun pisang, letakkan kurang lebih 3 sdm adonan, pipihkan lalu beri sepotong pisang kemudian tutup pisang dengan adonan. Gulung daun pisang lalu lipat atas bawah sehingga kedua ujungnya bertemu. Lakukan hingga selesai. Punya saya jadi 7 buah. Banyak sedikitnya adonan sesuaikan dengan kebutuhan teman-teman, ya. Langkah 6
Kukus nagasari selama 20 menit. Ini tahan sekitar 15 jam suhu ruang. Jika ingin bertahan lebih lama lagi, silakan kukus lebih lama."
Kue pastel;"75 gr tepung terigu segitiga 50 gr tepung terigu kunci
1 sdm margarin 7 sdm air dingin sejumput garam Bahan isian:
1 buah bawang merah 1 bh bawang putih
1/2 keping bihun jagung 1 bh wortel uk kecil
2 lbr kol";"Langkah 1
Siapkan bahan kering, campur semua dan aduk aduk, uleni hingga kalis, diamkan 15 menit, lalu timbang adonan per 20 gr
Langkah 2
Rendam bihun dalam air mendidih
Langkah 3
Itis tipis bawang merah,"
;"1 batang daun bawang 1 batang seledri
1/2 sdt ladaku
1/2 sdt kaldu bubuk 1/2 sdt garam minyak goreng untuk menggoreng";"bawang putih, lalu tumis dengan sedikit minyak sampai harum, masukkan wortel dan kol, tunggu layu, masukkan lada bubuk, garam, kaldu bubuk, dan gula pasir, cek rasa,masukkan bihun hingga air habis, masukkan daun bawang dan seledri, dinginkan Langkah 4
Gilas adonan kulit dengan pin lalu isi dengan bihun, tutup pastel, kerjakan sampai adonan habis
Langkah 5
Panaskan minyak sampai bener bener panas dengan api sedang, goreng pastel hingga golden brown, angkat tiriskan Langkah 6
Sajikan bersama cabe ijo, sangatlah enak"
Kue putri salju;"70 gr gula halus 100 gr mede bubuk 30 gr keju parut
225-250 gr tepung terigu protein rendah (kunci biru) 180 gram butter mix margarin bahan tabur:
100 gr gula halus 200 gr gula dingin 50 gr susu bubuk";"Langkah 1
Mixer butter mix dan gula halus sebentar cukup 2 menit dengan kecepatan rendah. Jika menggunakan whisker 2-3 menit. Lalu tambahkan mede bubuk. Aduk dengan whisk sampai merata.
Langkah 2
Tambahkan keju parut. Aduk kembali sampai merata.
Langkah 3
Sisihkan whisk. Tuang 225 gram tepung. Aduk dengan spatula sampai tercampur rata. Bisa juga diuleni atau gunakan dengan tangan sebentar. Siapkan plastik wrap atau plastik kiloan. Ambil sedikit adonan. Pipihkan dengan cara digilas rolling pin. Ketebalan 1/2 cm. Cetak bentuk bulat.
Langkah 4
Oven selama 20-25 menit atau sampai matang atas bawah.
Langkah 5
Segera lumuri dengan gula"
;;"halus selagi panas. Lakukan hingga habis. Setelah terbalut gula halus masukkan kedalam wadah gula dingin dan susu bubuk yang dicampur merata. Masukkan beberapa kue, lumuri/tutupi dengan gula dingin. Lakukan hingga selesai. Langkah 6
Masukkan dalam wadah atau toples."
Kue risoles;"1 buah pare
2 butir telur
1 sdt gula pasir 2 sdm garam
air secukupnya, untuk merebus pare
secukupnya wortel, potong dadu
secukupnya daun bawang, potong kecil2
1 sdt Kaldu jamur tnpa MSG (saya pakai royco ayam)
1 sdt lada bubuk 2 sdm saos tiram
3 siung bawang merah secukupnya minyak goreng, untuk menumis
bahan kulit:
100 gr tepung serbaguna
2 sdm tepung tapioka (kanji) 1 butir telur
1/4 sdt garam 300 ml air tambahan:
1 butir telur, untuk celupan kulit
tepung panir";"Langkah 1
Bersihkan pare, potong kecil2, remas2 dgn garam, cuci bersih. siapkan panci berisi air, masukkan pare dan tambah potongan dadu wortel dan daun bawang, rebus dengan menambahkan 1 sdt gula pasir. Langkah 2
Angkat. tiriskan. lalu potong kecil-kecil bawang merah dan daun bawang. pecahkan 2 butir telur, kocok dalam wadah dgn menambahkan kaldu jamur& lada.
Langkah 3
Panaskan minyak dlm teflon, tumis bawang merah, daun bawang, & saos tiram sampai harum. masukkan pare. ratakan.
Langkah 4
Masukkan telur, ratakan dgn cara memutar teflon searah jarum jam. jangan lupa di balik supaya matang kedua sisi. angkat, tiriskan. dan potong kecil2 untuk isian risoles.
Langkah 5
Membuat kulit risoles : campur semua bahan kulit. aduk2 jangan sampai ada gumpalan. Langkah 6
Panaskan sedikit minyak goreng, ambil 1 sendok sayur, goreng di atas teflon, ratakan. goreng sampai habis, sisakan sedikit utk lem.
Langkah 7
Jika sudah selesai, isikan telur"
;;"dadar pare. lem dengan sisa adonan kulit.
Langkah 8
Celup dalam telur, dan gulungkan ke tepung panir. lalu goreng, dengan api sedang.
Langkah 9
Sajikan di atas piring dengan saos sambal/ mayonnaise."
Lanting;"1/4 singkong rebus Sejumput garam (apabila singkong sudah asin, maka tidak perlu)
Sejumput ketumbar bubuk";"Langkah 1
Tumbuk halus singkong, kemudian taburi garam dan ketumbar. Aduk sampai merata.
Langkah 2
Jika dirasa sudah rata bumbunya. Kemudian bentuk memanjang kemudian rekatkan kedua ujungnya hingga membentuk bulat. Bisa juga dibentuk angka delapan. Langkah 3
Tata pada wadah agak berjarak supaya cepat kering. Kemudian jemur hingga kering di bawah matahari langsung ± 3 hari (menyesuaikan cuaca).
Langkah 4
Setelah kering, goreng dengan api sedang supaya tidak mudah gosong."
Lumpia;"250 gr rebung
2 lbr Daun salam 1 sdt garam
15 kulit lumpia / kulit pangsit siap pakai
secukupnya Minyak goreng Bahan Isi :
10 gr Ebi rendam air panas haluskan
50 gr Ayam cincang halus 2 buah telur
3 Sdm kecap manis 1 Sdm kecap asin
1 Sdm Saus tiram
1 Sdm minyak wijen
1 Batang daun bawang Secukupnya gula garam lada dan penyedap
Bumbu halus :";"Langkah 1
Cuci bersih rebung sampai 3x, kemudian potong2 memanjang, rebus dengan garam dan daun salam Langkah 2
Angkat tiriskan, rendam ebi dengan air panas ±15 menit, blender bumbu halus Langkah 3
Cincang ayam, peras ebi, haluskan.
- Siapkan wajan, masukkan minyak
- tumis daun bawang hingga harum
Langkah 4
Masukkan ayam aduk hingga ayam berubah warna"
;"5 siaung bawang merah 3 siung bawang putih
1 Ruas jari jahe Bahan perekat :
1 sdm tepung terigu 20 ml air matang Bumbu Saus Lumpia : 100 ml air
1 sdm kecap manis 1 sdm kecap ikan
Secukupnya gula, garam, lada dan penyedap
1 sdt tepung maizena larutkan sedikit air";"- Tambahkan ebi dan bumbu halus
- Masukkan telur di pinggir dan orak arik
Langkah 5
Tambahkan kecap, saus tiram, kecap asin, minyak wijen, dan secukupnya garam gula lada penyedap, aduk hingga tercampur semua, koreksi rasa, jika sudah matang angkat sisihkan
Langkah 6
Membuat saus lumpia :
- Didihkan air, tambahkan kecap, minyak ikan
- Tambahkan larutan maizena, secukupnya gula garam lada dan penyedap
- aduk hingga mengental, sisihkan
Langkah 7
Ambil 1 kulit lumpia, letakkan bahan isi di tepi kulit, lipat dan gulung,rekatkan dengan campuran bahan perekat.
Langkah 8
Goreng lumpia dengan api cenderung kecil biar tidak gosong, angkat dan tiriskan jika sudah golden brown Langkah 9
Hidangkan lumpia dengan daun bawang saus dan juga lombok rawit"
Putu ayu;"250 / 300 gram kelapa parut yg muda & baru yah
2 sdm tepung maizena 1/2 sdt garam
4 butir telur utuh
240 gram gula pasir (15 sdm) 1 sdt Vanilla bubuk
1 sdt SP
300 gram terigu protein sedang (me : serbaguna) 2 sdm tepung tapioka 1/2 sdt garam
260 santan kental (2 saset santan instan campur air ya) 1 sdm pasta pandan
200 gram gula merah";"Langkah 1
Siapkan bahan2 terlebih dahulu
Langkah 2
Kukus kelapa parut yg sudah ditambahkan tepung maizena
& garam, selama kurleb 15 menit, jika sudah masukkan ke dlm Loyang yg sudah diolesi minyak, tekan2 pakai sendok agar padat yah, sisihkan Langkah 3
Masukkan telur, gula putih, sp, vanilli, kocok hingga putih berjejak, jgn terlalu lama paling ±10 menit"
;;"Langkah 4
Matikan mixer, masukkan terigu, tep.tapioka, garam, sambil diayak, biar tidak menggumpal, terus diaduk lagi dengan mixer speed paling rendah, sampai rata
Langkah 5
Baru masukkan santan kental nya bertahap sambil terus diaduk
Langkah 6
Kalau sudah tercampur rata, masukkan pasta pandan, aduk2 pakai spatula dengan teknik aduk balik, hingga warnanya tercampur ke semua adonan
Langkah 7
Masukkan ½ adonan ke dlm Loyang yg sudah dikasih kelapa tadi, pastikan kukusan sdh dipanaskan terlebih dahulu ya, kukus selama 10 menit, jgn lupa tutupnya kukusan pakai serbet/lap agar air tidak menetes ke kuenya
Langkah 8
Setelah 10mnt buka tutupnya, masukkan gula merah & sisa adonan ke dlm Loyang, tutup lagi & kukus selama 25 menit, tea tusuk ya mom..utk memastikan matang tidaknya, punyaku agak menggelembung lupa tdk dihentakkan Loyang Langkah 9
Jika sudah matang, biarkan kue agak dingin dulu, baru keluarkan dr Loyang...
Putu Ayu pun siap disantap"
Serabi solo;"100 g Tepung beras
1 sdm Terigu protein sedang 350 ml Santan kental (saya pake 100 ml santan kental instan + air 250 ml)
2 lembar Daun pandan, ikat simpul
25 g Gula pasir 1 sdt Ragi instan
1/2 sdt Vanili bubuk";"Langkah 1
Tuang santan & garam dalam panci, aduk rata. Masukkan daun pandan, masak hingga mendidih dengan api kecil sambil terus diaduk. Matikan api, ambil santan kental yang ada di bagian atas atau yang biasa disebut dengan areh ± 50 ml. Biarkan hingga santan"
;1/4 sdt Baking soda 1/4 sdt Garam;"dingin. Langkah 2
Campur rata tepung beras, terigu, gula, ragi, vanili bubuk
& baking soda dalam mangkok. Lalu tuang larutan santan tadi, aduk hingga rata. Tutup mangkok dengan serbet/plastik wrap & diamkan sekitar 1 jam.
Langkah 3
Setelah 1 jam, adonan akan berbuih.
Siapkan wajan, oles dengan sedikit minyak. Panaskan dengan api kecil. Setelah panas, tuang 1 sendok sayur adonan sambil sedikit diratakan dengan punggung sendok.
Langkah 4
Setelah muncul gelembung², beri 1 sdm areh lalu beri topping. Tutup & masak hingga matang. Keluarkan adonan dari wajan, hati² ya supaya tidak hancur. Lakukan hingga adonan habis.
Langkah 5
Taruh di piring & sajikan ketika hangat"
Telur balado;"3 butir Telur rebus
10 buah Cabe kriting merah
4 butir Bamer (Bawang merah) 2 siung Baput (Bawang putih), saya skip
1 buah Tomat 1/2 sdt Garam
2 biji Asam jawa; larutkan dalam 1 sdm Air, buang bijinya Secukupnya Minyak goreng";"Langkah 1
Goreng Telur sebentar hingga bagian luarnya kecoklatan.
Angkat, kemudian tiriskan. Langkah 2
Giling Cabe dan Garam menggunakan cobek, setengah halus tambahkan Bamer dan Tomat. Lalu giling lagi hingga halus. 📝 Noted:
Balado khas Minang, menggiling bumbunya pakai cobek. Jangan pakai blender. Langkah 3
Masukan cabe giling ke minyak sisa goreng telur tadi, lalu tambahkan air Asam. Aduk.
Tes rasa. Masak hingga matang tanak. Kemudian masukan telur yang sudah di goreng."
;;"Aduk rata. Masak hingga bumbu meresap. Angkat. Langkah 4
Telur Balado khas Minang pun siap disajikan."
Telur dadar;"3 butir Telur Bebek 5 sdm Kelapa Parut 3 sdm Tepung Beras
2 batang Daun Bawang, iris, saya skip, habis
1 batang Seledri, iris Bumbu halus :
3 siung Bawang Merah 2 siung Bawang Putih 1 butir Kemiri
1/4 sdt Ketumbar bubuk
4 buah Cabai Merah Keriting 1/4 sdt Kunyit bubuk
1/2 sdt Lada bubuk 1 sdt Garam
1/2 sdt Kaldu bubuk";"Langkah 1
Sangrai kelapa sampai sedikit kekuningan, sisihkan. Saya pakai kelapa bekas ayam bumbu.
Langkah 2
Siapkan wadah, pecahkan telur bebek, masukkan bumbu halus, tepung beras, kelapa sangrai, daun bawang & daun seledri, garam, lada bubuk, dan kaldu bubuk aduk rata Langkah 3
Panaskan minyak (minyak jangan terlalu banyak & terlalu sedikit). Setelah minyak benar- benar panas tuang telur dan kecilkan api supaya telur tidak cepat gosong. Diamkan saja jangan diaduk-aduk. Setelah cukup kokoh balik telur dan diamkan kembali sampai matang.
Langkah 4
Setelah telur matang, tiriskan terlebih dahulu baru kemudian dipotong-potong. Telur dadar khas Padang siap disajikan."
Wajik;"1/2 liter beras ketan,cuci bersih
65 ml santan kental instan 300 ml air
200 gr gula merah,sisir 1 sdm gula pasir
1/2 sdt garam
1 lembar daun pandan";"Langkah 1
Dalam wajan campur gula merah, gula pasir,air,santan,daun pandan lalu rebus sampai gula larut dan mendidih.
Langkah 2
Setelah santan mendidih masukkan beras ketan masak sampai santan menyusut.
Langkah 3
Panaskan kukusan lalu kukus ketan selama 30menit.
Langkah 4
Tuang ketan kedalam wadah yang sudah dialasi daun pisang/plastik,lalu ratakan dan padatkan. Diamkan sampai"
;;"set. Langkah 5
Setelah set lalu potong2 dengan pisau yang dilapisi plastik supaya tidak nempel. Siap dinikmati."
